{
    "ml_f1_scores": [
        0.17859778597785977,
        0.17859778597785977,
        0.17818853974121995,
        0.17839335180055402,
        0.17839335180055402
    ],
    "dl_f1_scores": [
        0.02981482710559501,
        0.04745106967967139,
        0.022579006992460644,
        0.04048680491979461,
        0.03331652528404211
    ],
    "t_stat": -33.83775136725982,
    "p_val": 4.550098892897493e-06,
    "is_significant": 