{
    "ml_test_f1": [
        0.9006826329974815,
        0.8996040323207772,
        0.9013293150765636,
        0.9045052278349832,
        0.9006232358576707
    ],
    "dl_test_f1": [
        0.914701417925742,
        0.9141226000959384,
        0.9191664861527297,
        0.9127711143855601,
        0.9223046469260927
    ],
    "t_stat": 6.864837764156698,
    "p_val": 0.0023580932142645786,
    "is_significant": true
}