{
    "ml_f1_scores": [
        0.9026324301315991,
        0.9082518587657564,
        0.913548406848728,
        0.8917419456431175,
        0.9071717297255268
    ],
    "dl_f1_scores": [
        0.38583074090732444,
        0.39479361744912644,
        0.3866384581637269,
        0.3931624941631583,
        0.3718095695749132
    ],
    "t_stat": -82.9923048713525,
    "p_val": 1.263512977938576e-07,
    "is_significant": true
}