{
    "ml_f1_scores": [
        0.6700043206401289,
        0.8453300558593309,
        0.8346093254104817,
        0.8056435643564356,
        0.8356926036926037
    ],
    "dl_f1_scores": [
        0.27821961784990556,
        0.32768863303539864,
        0.3102524220614673,
        0.2928698785051682,
        0.30665445084680243
    ],
    "t_stat": -19.055523208868635,
    "p_val": 4.46823477535657e-05,
    "is_significant": true
}