{
    "learning_rates": [
        0.01,
        0.001,
        0.0001
    ],
    "weight_decays": [
        0.0,
        0.0001,
        0.01
    ],
    "f1_matrix": [
        [
            0.5763535273205277,
            0.6770744131292299,
            0.5896409395047681
        ],
        [
            0.7555347532775919,
            0.7803823872176499,
            0.7395036458298072
        ],
        [
            0.8628799079397907,
            0.8628799079397907,
            0.834416287770224
        ]
    ],
    "histories": {
        "LR0.01_WD0.0": [],
        "LR0.01_WD0.0001": [],
        "LR0.01_WD0.01": [],
        "LR0.001_WD0.0": [],
        "LR0.001_WD0.0001": [],
        "LR0.001_WD0.01": [],
        "LR0.0001_WD0.0": [],
        "LR0.0001_WD0.0001": [],
        "LR0.0001_WD0.01": []
    }
}