{
    "scores": {
        "Softmax": [
            0.9139635514182235,
            0.9118589689610967,
            0.9220179297103259,
            0.9043455183071609,
            0.9129341225978296
        ],
        "RF": [
            0.9236648351091585,
            0.925856834895178,
            0.9288986306165151,
            0.9259351705358018,
            0.9286212175780459
        ],
        "SVM": [
            0.9188040379517469,
            0.9193439427102668,
            0.9228937540026718,
            0.9159958748209874,
            0.9246610910868205
        ]
    },
    "means": {
        "Softmax": 0.9130240181989272,
        "RF": 0.9265953377469399,
        "SVM": 0.9203397401144986
    },
    "stds": {
        "Softmax": 0.005629475077875113,
        "RF": 0.001948250499904168,
        "SVM": 0.003079487634594265
    },
    "anova_f": 12.311920572988727,
    "anova_p": 0.0012373829474688828,
    "posthoc": [
        {
            "pair": "Softmax vs RF",
            "t": -5.350058059749466,
            "p_adj": 0.017656238993746888,
            "significant": true
        },
        {
            "pair": "Softmax vs SVM",
            "t": -3.530503192892957,
            "p_adj": 0.07265874694376608,
            "significant": false
        },
        {
            "pair": "RF vs SVM",
            "t": 6.117472276061741,
            "p_adj": 0.010847364548205504,
            "significant": true
        }
    ],
    "confusion_matrix": [
        [
            17895,
            128,
            57,
            20,
            18
        ],
        [
            66,
            484,
            4,
            1,
            1
        ],
        [
            22,
            6,
            1398,
            19,
            3
        ],
        [
            11,
            0,
            15,
            136,
            0
        ],
        [
            11,
            2,
            0,
            0,
            1595
        ]
    ],
    "class_names": [
        "N",
        "S",
        "V",
        "F",
        "Q"
    ]
}