{
    "Baseline_Clean_F1": 0.9139635514182235,
    "Baseline_Noisy_F1": 0.5841214282158542,
    "Baseline_Drop": 0.3298421232023693,
    "Augmented_Clean_F1": 0.81993464254183,
    "Augmented_Noisy_F1": 0.6876152782788074,
    "Augmented_Drop": 0.1323193642630226,
    "baseline_history": {
        "train_loss": [
            0.302870743167706,
            0.12551799779519057,
            0.0943173352533426,
            0.07927906150237107,
            0.06850568606303288,
            0.0676777679950763,
            0.06669414759828494,
            0.053276703955653384,
            0.03545414484464205,
            0.02950138293015651,
            0.030675251132402666,
            0.027710491815247595,
            0.03251534736213776,
            0.0254400324028654,
            0.014053559850137204,
            0.011769352838970147,
            0.010378117088037424,
            0.010800499182481032,
            0.009809434163169218,
            0.008650061817696461,
            0.00770842128743728,
            0.0063942767655811245,
            0.008588028200066242,
            0.014210680320572395,
            0.011838952186875619,
            0.01060401272171965,
            0.00878625260725713,
            0.018105823666048355,
            0.014416501188698487,
            0.008904855507306563,
            0.006400591481882983,
            0.005037880496671185,
            0.005527060140127269,
            0.005211191736937811,
            0.004212455962820409,
            0.004456245379212002,
            0.013299650229059923,
            0.0072157705674330015,
            0.00610467888868581,
            0.00508099051270013,
            0.004557316179554432,
            0.006620972109839129,
            0.0031076841666781083,
            0.0024711333986861296,
            0.0026923987726406315,
            0.0025939269167466615,
            0.0019438537938418821,
            0.002111697532176876,
            0.0021284515663491897,
            0.0016821261546843185,
            0.0020705627002126467,
            0.003847619768632098,
            0.0018815753585211216,
            0.0019918976029611,
            0.0015726192113316546,
            0.0021299836647440083,
            0.002182450693978283,
            0.0009105227975688206,
            0.0008639160824270967,
            0.0008175409408674265,
            0.0005262758452609444,
            0.0004765360090226377,
            0.004838661842185479,
            0.004683587567295688,
            0.00254525736948917,
            0.0019282176463793104,
            0.001343468144067372,
            0.000819738933224028,
            0.0006703953881813691,
            0.0006065397699272487,
            0.0006473803010661728,
            0.0003852603037487895,
            0.0003587063773197886,
            0.0003274178723073326,
            0.00025637511619909975,
            0.00023961501014687552,
            0.00019758298614574297,
            0.0001318849247651927,
            0.0001284695744498794,
            0.00011376510808939855,
            0.00012510788502158204,
            0.00010488140614119728,
            0.00010050916110534065,
            0.00010930824105460674,
            0.00011673346498588589,
            9.998391154416215e-05,
            7.88197421337454e-05,
            8.332876785015031e-05,
            8.367364213112384e-05,
            7.620629082502534e-05,
            7.458129864692007e-05,
            6.617080921737048e-05,
            6.7955720973819e-05,
            6.267785953148118e-05,
            5.897515991539247e-05,
            6.71174555883716e-05,
            6.591596306512096e-05,
            6.0284790122703925e-05,
            5.976406497118147e-05,
            6.138240911614281e-05
        ],
        "val_f1": [
            0.09195128984722295,
            0.29917559118693904,
            0.58531815383371,
            0.5936470405895153,
            0.6265910505997353,
            0.6481348003989741,
            0.7330913836897615,
            0.7293240671156955,
            0.660650219507992,
            0.72104372819259,
            0.715147023739912,
            0.6838603523236314,
            0.6358031401569729,
            0.7007404854569772,
            0.7669700632635154,
            0.78776738601256,
            0.7786470528643616,
            0.7802738380687207,
            0.7966607813831506,
            0.8481240218247279,
            0.8396138684504315,
            0.8416577638161588,
            0.8767182805984464,
            0.7929118559788817,
            0.8015148216814183,
            0.8219487881644938,
            0.7472676941246712,
            0.7729097158748328,
            0.7274741726759306,
            0.7835039206316055,
            0.8387576339768252,
            0.8453057977931729,
            0.8442679827069952,
            0.8693365144309911,
            0.8782574886345678,
            0.8847138974088662,
            0.8587972354197738,
            0.8709178364177573,
            0.8639868574156795,
            0.8749821756456448,
            0.8198707583650128,
            0.861595784617674,
            0.8686744550837615,
            0.8856494697783793,
            0.8826194916518315,
            0.8829265983423413,
            0.8920830392009632,
            0.889931314925709,
            0.8963156076437141,
            0.8695088652997853,
            0.8764990281753772,
            0.880465034923368,
            0.8944567454381556,
            0.8894558813235116,
            0.9064679692214618,
            0.9020129146659132,
            0.9054803183900685,
            0.9087373845877613,
            0.902432659162546,
            0.8973662726685113,
            0.9085512813682339,
            0.9009729998000797,
            0.8984812950561839,
            0.8691822541099645,
            0.8964831614963289,
            0.899088867682952,
            0.9093779769417919,
            0.9030347760353539,
            0.9075641186153286,
            0.9055441917400036,
            0.9072970419615171,
            0.9029241451417329,
            0.9086265123269092,
            0.9090238734287924,
            0.910282241898918,
            0.9109098333871464,
            0.9125419611861929,
            0.9106575903244423,
            0.912458888732209,
            0.9125831563963525,
            0.9104783808906587,
            0.9127750982220031,
            0.9111372251401001,
            0.9119221107612617,
            0.9114828384953146,
            0.9118673135442655,
            0.9148834002085839,
            0.9145111619810681,
            0.913369527682328,
            0.9151602010319071,
            0.9143765232637293,
            0.9157319466759685,
            0.9135771770041764,
            0.9161145482070975,
            0.9179153270941816,
            0.912308341091945,
            0.9166785034533831,
            0.9135881454792102,
            0.9161273624660407,
            0.9151183745100095
        ],